{"epoch_count": 10, "scores": [[0.0960952639579773, 0.9730468988418579], [0.0956810861825943, 0.9702770113945007], [0.08534643799066544, 0.9722893238067627], [0.0681360736489296, 0.9793679118156433], [0.052688926458358765, 0.9850970506668091], [0.05678267031908035, 0.9848840236663818], [0.050259195268154144, 0.9879616498947144], [0.047059230506420135, 0.9892992377281189], [0.04850910231471062, 0.9901278614997864], [0.045400701463222504, 0.9908143877983093]], "cat_scores": [{"0": [1.2289310693740845, 0.5826530456542969], "1": [0.03288257494568825, 0.9911894202232361], "2": [0.252530962228775, 0.9166666865348816], "3": [0.022741328924894333, 0.9910891056060791], "4": [0.12631961703300476, 0.951120138168335], "5": [0.37474456429481506, 0.8822869658470154], "6": [0.08551227301359177, 0.980167031288147], "7": [0.03500564768910408, 0.9902724027633667], "8": [0.07003378868103027, 0.978439450263977], "9": [0.03761941194534302, 0.9881070256233215], "A": [0.024408044293522835, 0.994232177734375], "B": [0.09172604233026505, 0.9763416051864624], "C": [0.023494867607951164, 0.9931638240814209], "D": [0.07752030342817307, 0.973346471786499], "E": [0.1031159982085228, 0.9737762212753296], "F": [0.03833717852830887, 0.9913793206214905], "G": [0.2725406587123871, 0.9270833134651184], "H": [0.12610352039337158, 0.9584199786186218], "I": [0.5603441596031189, 0.78125], "J": [0.1398988962173462, 0.9664310812950134], "K": [0.1616622805595398, 0.9607142806053162], "L": [0.06796999275684357, 0.9831678867340088], "M": [0.04847560077905655, 0.9850020408630371], "N": [0.043686818331480026, 0.9936875104904175], "O": [0.058593399822711945, 0.9886727333068848], "P": [0.0346495658159256, 0.9891417026519775], "Q": [0.16284796595573425, 0.9535284042358398], "R": [0.0742078348994255, 0.9770860075950623], "S": [0.09963696449995041, 0.973665177822113], "T": [0.027552135288715363, 0.9935541152954102], "U": [0.048084404319524765, 0.9891397953033447], "V": [0.018156981095671654, 0.9976076483726501], "W": [0.15462011098861694, 0.9605751633644104], "X": [0.07189711928367615, 0.9824561476707458], "Y": [0.20683564245700836, 0.9415016174316406], "Z": [0.2146262377500534, 0.9292181134223938]}, {"0": [0.33874720335006714, 0.8336734771728516], "1": [0.05511927977204323, 0.9823788404464722], "2": [0.09120717644691467, 0.9699612259864807], "3": [0.09037287533283234, 0.9782178401947021], "4": [0.10255121439695358, 0.9704684615135193], "5": [0.8928205370903015, 0.7903587222099304], "6": [0.02486172318458557, 0.9885177612304688], "7": [0.04259754344820976, 0.9873540997505188], "8": [0.11352059245109558, 0.9712525606155396], "9": [0.05055581405758858, 0.9871159791946411], "A": [0.006445626728236675, 0.9989185333251953], "B": [0.03939221799373627, 0.9913445115089417], "C": [0.022614380344748497, 0.9935911297798157], "D": [0.11819048970937729, 0.9605133533477783], "E": [0.01867436245083809, 0.9943181872367859], "F": [0.11062218248844147, 0.9741379022598267], "G": [0.1396615356206894, 0.9652777910232544], "H": [0.12640780210494995, 0.9584199786186218], "I": [0.09642815589904785, 0.9598214030265808], "J": [0.07282315194606781, 0.9829210638999939], "K": [0.13203799724578857, 0.9633928537368774], "L": [0.11834881454706192, 0.9667673707008362], "M": [0.04128941148519516, 0.9858127236366272], "N": [0.034356288611888885, 0.9936875104904175], "O": [0.21293501555919647, 0.9199308156967163], "P": [0.03546217456459999, 0.9906928539276123], "Q": [0.18329013884067535, 0.9449225664138794], "R": [0.0423281192779541, 0.9857327938079834], "S": [0.036030806601047516, 0.9910151958465576], "T": [0.04160727187991142, 0.9906646013259888], "U": [0.06114846095442772, 0.985347330570221], "V": [0.012040778994560242, 0.9988038539886475], "W": [0.09159330278635025, 0.978200376033783], "X": [0.04791726917028427, 0.9872408509254456], "Y": [0.20748700201511383, 0.9424228668212891], "Z": [0.17645786702632904, 0.9423868060112]}, {"0": [0.22810888290405273, 0.9020408391952515], "1": [0.032427527010440826, 0.9920704960823059], "2": [0.060849808156490326, 0.981589138507843], "3": [0.0509982705116272, 0.986138641834259], "4": [0.05629042908549309, 0.9775967597961426], "5": [0.06397644430398941, 0.9742152690887451], "6": [0.04443087801337242, 0.9853861927986145], "7": [0.06033661216497421, 0.981517493724823], "8": [0.0807490274310112, 0.977412760257721], "9": [0.05348201096057892, 0.9791873097419739], "A": [0.01768435165286064, 0.9935111999511719], "B": [0.013432646170258522, 0.9953837394714355], "C": [0.025455215945839882, 0.9935911297798157], "D": [0.04478469863533974, 0.9876604080200195], "E": [0.05074877664446831, 0.9864510297775269], "F": [0.12016154825687408, 0.9568965435028076], "G": [0.15994387865066528, 0.9539930820465088], "H": [0.18844887614250183, 0.9542619585990906], "I": [0.2523360848426819, 0.8973214030265808], "J": [0.06922833621501923, 0.982332170009613], "K": [0.0823042243719101, 0.9803571701049805], "L": [0.05694504454731941, 0.9857574701309204], "M": [0.015680599957704544, 0.9943251013755798], "N": [0.04186873510479927, 0.9928984642028809], "O": [0.16054046154022217, 0.9456117749214172], "P": [0.03625041991472244, 0.988624632358551], "Q": [0.09252728521823883, 0.9741824269294739], "R": [0.04815858602523804, 0.984003484249115], "S": [0.1955689638853073, 0.9253330826759338], "T": [0.029254011809825897, 0.993998646736145], "U": [0.034027498215436935, 0.9937942028045654], "V": [0.011931490153074265, 0.9976076483726501], "W": [0.04088510945439339, 0.991651177406311], "X": [0.055929169058799744, 0.9832535982131958], "Y": [0.03558354079723358, 0.9912482500076294], "Z": [0.26618504524230957, 0.9127572178840637]}, {"0": [0.39056819677352905, 0.8397959470748901], "1": [0.02984406054019928, 0.9885462522506714], "2": [0.06921645998954773, 0.9738371968269348], "3": [0.011805852875113487, 0.996039628982544], "4": [0.045385297387838364, 0.9857434034347534], "5": [0.12549988925457, 0.9506726264953613], "6": [0.10078968107700348, 0.9780793190002441], "7": [0.027979090809822083, 0.9912451505661011], "8": [0.044455718249082565, 0.9866529703140259], "9": [0.032835472375154495, 0.9920713305473328], "A": [0.017832713201642036, 0.9960346221923828], "B": [0.05228640139102936, 0.9838430285453796], "C": [0.04429089277982712, 0.9880367517471313], "D": [0.08532433956861496, 0.9802566766738892], "E": [0.012147928588092327, 0.9960664510726929], "F": [0.15035709738731384, 0.9698275923728943], "G": [0.07991180568933487, 0.9809027910232544], "H": [0.07400116324424744, 0.9778239727020264], "I": [0.14509108662605286, 0.9285714030265808], "J": [0.05074309557676315, 0.9858657121658325], "K": [0.11153870820999146, 0.9767857193946838], "L": [0.02753334306180477, 0.9922313094139099], "M": [0.05359596759080887, 0.9841912984848022], "N": [0.034340403974056244, 0.9926354289054871], "O": [0.05247751995921135, 0.9878080487251282], "P": [0.07365328818559647, 0.9775077700614929], "Q": [0.1449858397245407, 0.9586918950080872], "R": [0.06572666019201279, 0.9779506921768188], "S": [0.14863935112953186, 0.9475369453430176], "T": [0.0371113158762455, 0.9926650524139404], "U": [0.03720387816429138, 0.9905188679695129], "V": [0.001103987917304039, 1.0], "W": [0.04260269179940224, 0.9897959232330322], "X": [0.05638947710394859, 0.9848484992980957], "Y": [0.03460327163338661, 0.9884845614433289], "Z": [0.22466729581356049, 0.9275720119476318]}, {"0": [0.6297637820243835, 0.7744898200035095], "1": [0.012402085587382317, 0.9955947399139404], "2": [0.05241020768880844, 0.9806201457977295], "3": [0.031230319291353226, 0.9910891056060791], "4": [0.05903932824730873, 0.9826883673667908], "5": [0.12620623409748077, 0.9562780261039734], "6": [0.06703707575798035, 0.9832985401153564], "7": [0.023211652413010597, 0.9912451505661011], "8": [0.05866486579179764, 0.9866529703140259], "9": [0.045012347400188446, 0.9861248731613159], "A": [0.009046201594173908, 0.9967555999755859], "B": [0.016672832891345024, 0.9942296743392944], "C": [0.02309023216366768, 0.9925229549407959],